,county,population,fall_2020_cases,fall_2021_cases,spring_2020_cases,spring_2021_cases,summer_2020_cases,summer_2021_cases,winter_2020_cases,winter_2021_cases,fall_2020_doses_administered,fall_2021_doses_administered,spring_2021_doses_administered,summer_2020_doses_administered,summer_2021_doses_administered,winter_2020_doses_administered,winter_2021_doses_administered,fall_2020_pfizer_doses,fall_2021_pfizer_doses,spring_2021_pfizer_doses,summer_2020_pfizer_doses,summer_2021_pfizer_doses,winter_2020_pfizer_doses,winter_2021_pfizer_doses,fall_2020_moderna_doses,fall_2021_moderna_doses,spring_2021_moderna_doses,summer_2020_moderna_doses,summer_2021_moderna_doses,winter_2020_moderna_doses,winter_2021_moderna_doses,fall_2020_jj_doses,fall_2021_jj_doses,spring_2021_jj_doses,summer_2020_jj_doses,summer_2021_jj_doses,winter_2020_jj_doses,winter_2021_jj_doses,fall_2020_partially_vaccinated,fall_2021_partially_vaccinated,spring_2021_partially_vaccinated,summer_2020_partially_vaccinated,summer_2021_partially_vaccinated,winter_2020_partially_vaccinated,winter_2021_partially_vaccinated,fall_2020_at_least_one_dose,fall_2021_at_least_one_dose,spring_2021_at_least_one_dose,summer_2020_at_least_one_dose,summer_2021_at_least_one_dose,winter_2020_at_least_one_dose,winter_2021_at_least_one_dose,fall_2020_fully_vaccinated,fall_2021_fully_vaccinated,spring_2021_fully_vaccinated,summer_2020_fully_vaccinated,summer_2021_fully_vaccinated,winter_2020_fully_vaccinated,winter_2021_fully_vaccinated,fall_2020_partially_vaccinated_percent,fall_2021_partially_vaccinated_percent,spring_2021_partially_vaccinated_percent,summer_2020_partially_vaccinated_percent,summer_2021_partially_vaccinated_percent,winter_2020_partially_vaccinated_percent,winter_2021_partially_vaccinated_percent,fall_2020_at_least_one_dose_percent,fall_2021_at_least_one_dose_percent,spring_2021_at_least_one_dose_percent,summer_2020_at_least_one_dose_percent,summer_2021_at_least_one_dose_percent,winter_2020_at_least_one_dose_percent,winter_2021_at_least_one_dose_percent,fall_2020_fully_vaccinated_percent,fall_2021_fully_vaccinated_percent,spring_2021_fully_vaccinated_percent,summer_2020_fully_vaccinated_percent,summer_2021_fully_vaccinated_percent,winter_2020_fully_vaccinated_percent,winter_2021_fully_vaccinated_percent
0,Alameda,1685886.0,11054.0,2601.0,5161.0,5862.0,14483.0,23141.0,23533.0,27339.0,17,277728,1132830,78,258266,23688,955341,10,193426,725685,74,204507,16671,580841,3,78527,327129,4,44793,7003,349068,4,5759,79829,0,8898,10,25286,9,46894,472313,41,101159,23595,546910,12,49676,552045,42,109907,23630,572281,7,31879,656370,37,115788,61,406277,6.083835249741437e-06,0.0591190606558374,0.180870596824238,1.642635517430188e-05,0.0554797104094421,0.0143450751353653,0.1415416438522845,3.285271034860376e-05,0.7955180385715155,0.6984303705055667,2.5552108048914043e-05,0.7652959785849001,0.0144089554054876,0.3625752874612155,2.6768875098862327e-05,0.736398977915678,0.6465608079333212,2.251019042404332e-05,0.7170043195230273,6.38802701222851e-05,0.2472361136460424
1,Alpine,1117.0,51.0,3.0,1.0,3.0,2.0,13.0,15.0,16.0,0,111,525,0,72,21,921,0,10,15,0,10,5,19,0,101,507,0,62,16,900,0,0,3,0,0,0,2,0,17,129,0,22,21,616,0,17,133,0,22,21,618,0,9,393,0,7,0,296,0.0,0.0923344947735191,0.2979094076655052,0.0,0.0853658536585365,0.0182926829268292,0.3109756097560975,0.0,0.7064459930313589,0.6724738675958188,0.0,0.6916376306620209,0.0182926829268292,0.5566202090592335,0.0,0.6141114982578397,0.6001742160278746,0.0,0.6062717770034843,0.0,0.2578397212543554
2,Amador,38531.0,574.0,233.0,26.0,182.0,266.0,1319.0,1840.0,868.0,1,5264,12876,0,4960,601,21483,1,1742,3280,0,2686,507,5212,0,3382,8872,0,1875,94,15882,0,140,722,0,399,0,389,1,848,4717,0,2266,585,12508,1,943,5432,0,2673,586,12896,0,759,7949,0,2199,3,8316,2.643474582991885e-05,0.0873668349678817,0.1361653757699119,0.0,0.0887943112426974,0.0154378915646726,0.1499907478389595,2.643474582991885e-05,0.5956012582939015,0.5000132173729149,0.0,0.570673292976288,0.0155171958021623,0.3564196780247958,0.0,0.5082344233260198,0.4300404451611198,0.0,0.4881704512411113,7.930423748975654e-05,0.2199106505590948
3,Butte,217769.0,1540.0,1169.0,276.0,1116.0,2673.0,6060.0,3762.0,3337.0,9,24500,70815,16,33097,3734,99865,7,12311,38679,7,23097,3246,39603,2,11609,27897,9,8394,488,57626,0,578,4225,0,1606,0,2631,7,3976,26226,12,14914,3728,58541,7,4349,30409,12,16492,3732,61174,2,4996,44289,4,15069,5,41142,5.724980733237917e-05,0.0495783331498403,0.1118529120334691,4.4038313332599356e-05,0.055096333810414996,0.0164703291863921,0.1046878784542552,8.367279533193878e-05,0.5116151051414731,0.4198348563250027,5.284597599911923e-05,0.4924628426731256,0.016518771331058,0.2859187493119013,2.642298799955961e-05,0.4646350324782561,0.3762721567763954,1.7615325333039747e-05,0.4426334911372894,4.84421446658593e-05,0.1812308708576461
4,Calaveras,44289.0,266.0,315.0,45.0,210.0,256.0,1392.0,669.0,753.0,1,5985,16034,1,6594,630,22882,1,2466,9435,1,3804,560,6330,0,3379,5887,0,2420,70,16231,0,140,711,0,370,0,321,1,1312,6320,1,3079,612,12925,1,1430,7023,1,3449,614,13260,0,829,9437,0,2854,13,9457,4.421355145352051e-05,0.0704764010169116,0.1022880512877196,2.2106775726760254e-05,0.061501050071847,0.0133303857632364,0.1226704985077926,4.421355145352051e-05,0.5698684646844258,0.4620095059135625,2.2106775726760254e-05,0.5382557753951586,0.0136177738476843,0.3067536199845252,0.0,0.4993920636675141,0.41797280866585607,0.0,0.4810655465900298,0.0002873880844478,0.2093511661324195
5,Colusa,22593.0,323.0,59.0,91.0,80.0,440.0,428.0,526.0,503.0,0,1767,9254,0,4184,126,8985,0,888,1904,0,2444,50,2019,0,834,6841,0,1640,76,6560,0,45,506,0,88,0,405,0,459,3806,0,2062,126,5384,0,489,4310,0,2147,126,5786,0,567,5413,0,2009,0,3580,0.0,0.0628960119269474,0.1203876257920238,0.0,0.0774319791278419,0.005870294446515001,0.1175456578456951,0.0,0.5990495713753261,0.4762392843831531,0.0,0.5762672381662318,0.005870294446515001,0.2754379426015654,0.0,0.5389955273947075,0.4189806187103988,0.0,0.5125792023853895,0.0,0.1667909057025717
6,Contra Costa,1160099.0,8947.0,2311.0,3049.0,5403.0,13357.0,22241.0,17332.0,21925.0,23,207665,736491,107,209118,19790,713370,15,145863,532995,99,171875,14197,424856,3,58333,170117,8,29626,5581,274718,5,3467,33275,0,7580,9,13664,11,37248,289024,57,84607,19717,425554,16,39681,322291,58,92092,19755,439319,12,31300,445709,50,89487,56,286495,1.0589041929958784e-05,0.0530360989263593,0.1886243687386774,3.088470562904645e-05,0.051066537127387,0.0173933837901181,0.1522483624487865,6.529909190141249e-05,0.8058366799117933,0.6895575280587549,5.118036932813412e-05,0.7708213655099021,0.017497509369096,0.4051614520047262,5.471004997145371e-05,0.7528005809854339,0.646215697019273,4.4121008041494926e-05,0.7251808299514579,0.0001041255789779,0.2529130895559397
7,Del Norte,27558.0,255.0,91.0,54.0,263.0,87.0,1944.0,371.0,393.0,1,2759,8247,0,4723,262,10019,0,1369,2282,0,2617,232,3935,1,1290,5277,0,1723,30,5818,0,96,683,0,368,0,234,1,490,3037,0,2160,260,6061,1,558,3720,0,2526,260,6248,0,619,5173,0,2035,0,3889,3.6464410735122524e-05,0.0603485997666277,0.1026108518086347,0.0,0.0736945740956826,0.0095172112018669,0.0978704784130688,3.6464410735122524e-05,0.4854507001166861,0.3729944574095682,0.0,0.4651035589264877,0.0095172112018669,0.2373468494749125,0.0,0.4272170361726954,0.3304404900816803,0.0,0.4046455659276546,0.0,0.1418100933488914
8,El Dorado,193098.0,1962.0,663.0,229.0,1021.0,943.0,4280.0,3511.0,2715.0,4,26064,84263,10,28296,3005,99199,0,14569,41409,6,19667,2068,43560,4,10855,38529,4,7158,935,53094,0,640,4314,0,1467,2,2534,3,3624,33031,5,11658,2997,58285,3,3998,37320,5,13112,3001,60828,1,3574,50942,5,12302,10,40600,1.0714610979261873e-05,0.0580356903691719,0.1237859006434123,1.6071916468892803e-05,0.0628894091427775,0.0160344153304653,0.1285056867797772,4.285844391704749e-05,0.6335924483421819,0.5419289514145965,2.6786527448154682e-05,0.6121739409946373,0.0161201322182994,0.34199431054157003,3.2143832937785605e-05,0.5755567579730099,0.4905041760196291,2.6786527448154682e-05,0.556409748153069,8.571688783409497e-05,0.21759231976685003
9,Fresno,1032227.0,13681.0,7018.0,8591.0,3510.0,21078.0,25251.0,27995.0,26432.0,4,118761,389986,8,199584,10663,450608,1,74742,227995,6,148324,8041,202313,3,41740,145111,2,45665,2622,233656,0,2245,16705,0,5541,0,14501,3,26951,148998,6,94101,10640,278679,3,28565,165496,6,99536,10644,293259,1,29801,238652,2,91887,14,169944,7.156512937953032e-06,0.06956539519286799,0.1333646856757281,5.111794955680738e-06,0.0801509001870917,0.010873810229724001,0.1502898387739871,9.201230920225328e-06,0.6108686984347684,0.4799034893112368,6.1341539468168854e-06,0.5816650138529643,0.0108911903325733,0.3107071657141689,3.0670769734084427e-06,0.5421579953584902,0.4177491744451146,2.044717982272295e-06,0.5116906750636419,1.7380102849314507e-05,0.1737611564924907
10,Glenn,29348.0,475.0,164.0,157.0,100.0,442.0,778.0,597.0,651.0,0,3201,9632,4,5031,378,11438,0,1940,4335,2,3868,327,3437,0,1149,4766,2,872,51,7400,0,101,524,0,290,0,593,0,716,3615,2,2431,376,6648,0,785,4134,2,2719,376,7242,0,815,5970,2,2426,1,4756,0.0,0.0470301466107466,0.1042405993476001,7.169229666272358e-05,0.0538767609420367,0.0134423056242606,0.1043122916442628,7.169229666272358e-05,0.5469405312399183,0.4213356274868265,7.169229666272358e-05,0.5188013047997992,0.0135498440692547,0.2731476502849769,7.169229666272358e-05,0.5007706921891243,0.3845933254471807,7.169229666272358e-05,0.4715560812990644,0.000107538444994,0.1705918199089507
11,Humboldt,134098.0,519.0,445.0,99.0,1086.0,357.0,3520.0,890.0,1520.0,0,18714,65270,1,23101,2311,69310,0,10253,35027,1,15476,1765,30604,0,8014,26297,0,5976,536,36111,0,441,3916,0,1622,0,2514,0,3169,26098,1,9441,2300,40082,0,3378,29969,1,11041,2303,42616,0,2660,38771,0,10283,5,28992,7.365505862942668e-06,0.0633212539037181,0.1623873077602969,7.365505862942668e-06,0.0660685875905957,0.0169332979789051,0.117280949855636,7.365505862942668e-06,0.6577985976076837,0.5515953685699134,7.365505862942668e-06,0.6329179188026633,0.0169701255082199,0.3308585233633846,0.0,0.5944773437039655,0.4991456013198986,0.0,0.5748850981085379,3.6827529314713335e-05,0.2135775735077485
12,Imperial,191649.0,5037.0,1201.0,7457.0,1126.0,3798.0,2870.0,6669.0,3822.0,2,25172,125959,2,51444,1722,83555,1,15700,61040,0,37847,893,38008,1,8018,58317,2,11541,829,37909,0,1453,6596,0,2054,0,7632,2,7518,58266,2,23948,1716,50541,2,8474,64852,2,25987,1717,58290,0,5520,66915,0,25747,4,32755,2.219558751720158e-05,0.1574943401251831,0.1845230168242553,1.109779375860079e-05,0.1481666444710791,0.0095274559417587,0.1512185377546943,2.219558751720158e-05,0.8840724463976561,0.6928519110400853,1.109779375860079e-05,0.8370510942424646,0.0095496515292759,0.33299485062369605,0.0,0.726578106272473,0.5530807475473876,0.0,0.6959481954987349,2.219558751720158e-05,0.1817763128690016
13,Inyo,18453.0,145.0,424.0,15.0,39.0,162.0,341.0,387.0,643.0,0,3158,6635,0,2214,681,10027,0,1345,2099,0,1380,597,3624,0,1760,4045,0,795,77,6216,0,51,446,0,35,0,101,0,595,2413,0,1027,672,5563,0,620,2859,0,1061,672,5666,0,380,4158,0,869,1,4365,0.0,0.0612662427426043,0.1130771357478573,0.0,0.0526956040917887,0.0371025711915952,0.1409455349737351,0.0,0.6014929499585292,0.5085429914293613,0.0,0.5672103953552668,0.0371578656345037,0.350456179153995,0.0,0.5403925905446503,0.4713298313519491,0.0,0.5193807022394249,5.529444290848771e-05,0.2414155377384572
14,Kern,927251.0,11547.0,5631.0,8215.0,2478.0,22756.0,20502.0,26258.0,24817.0,2,96341,315659,3,170103,5784,314145,1,57126,174433,3,116642,4543,141079,1,35560,125264,0,47716,1240,159532,0,3645,15880,0,5721,0,13461,2,24558,126139,2,83826,5780,193068,2,26976,141905,2,89471,5780,206490,0,29769,187961,1,78340,4,120022,3.397304578547381e-06,0.0644944301191434,0.108346837619033,2.2648697190315868e-06,0.0732436218437624,0.0065443410531417,0.1044637184857534,4.5297394380631736e-06,0.5329532881944798,0.4010846461084442,2.2648697190315868e-06,0.5024047254241818,0.0065500032274393,0.2403864773688555,1.1324348595157936e-06,0.4712027477399431,0.3487763475125502,1.1324348595157936e-06,0.4374912944070174,5.662174297578967e-06,0.1359227588831021
15,Kings,156444.0,4022.0,1669.0,2492.0,495.0,5224.0,6207.0,4969.0,5580.0,1,13703,40419,0,24836,948,47458,0,7448,22135,0,17106,770,16436,1,5711,15665,0,6941,178,29038,0,543,2613,0,787,0,1969,1,3500,14576,0,12603,1029,30017,1,3848,17178,0,13382,1029,31990,0,4324,25641,0,11298,2,17347,6.663334999167082e-06,0.0614892553723138,0.1034949192070631,0.0,0.0686723305014159,0.0068499083791437,0.1129968349158754,6.663334999167082e-06,0.4492953523238381,0.3344860902881892,0.0,0.4236548392470431,0.006863235049141999,0.22002332167249697,0.0,0.3905513909711811,0.2864567716141929,0.0,0.3617391304347826,1.3326669998334164e-05,0.1156021989005497
16,Lake,64871.0,510.0,310.0,86.0,280.0,502.0,2344.0,946.0,1285.0,2,6477,20283,0,12406,670,30490,2,2668,5189,0,6455,632,9172,0,3634,13710,0,5321,38,20351,0,175,1383,0,630,0,967,1,1174,7908,0,5985,670,17455,1,1295,9284,0,6606,671,18422,1,1493,12311,0,5598,1,12966,1.558895055184885e-05,0.0634782066471285,0.1028714846916505,0.0,0.0686693271808941,0.0104445968697387,0.1069246118351312,1.558895055184885e-05,0.5655515370705244,0.4423832387603666,0.0,0.5453638461058802,0.0104757747708424,0.2976554218370019,1.558895055184885e-05,0.5046143293633473,0.394073081000187,0.0,0.4813400261894369,3.11779011036977e-05,0.2021575107563759
17,Lassen,30065.0,1686.0,265.0,244.0,151.0,502.0,1109.0,2144.0,554.0,0,2352,4400,0,2506,171,7080,0,813,424,0,864,156,915,0,1290,3392,0,1372,15,5744,0,249,579,0,270,0,412,0,599,1119,0,1231,167,4317,0,789,1696,0,1497,171,4728,0,805,3260,0,1150,4,2717,0.0,0.0339907006573673,0.0687510020843354,0.0,0.0308160974827641,0.0053551386884720005,0.0715087381754048,0.0,0.2847843514510181,0.2114798781465448,0.0,0.2594837261503928,0.0054834054834054,0.1570947570947571,0.0,0.2544813211479878,0.1917909251242584,0.0,0.2286676286676286,0.0001282667949334,0.0872534872534872
18,Los Angeles,10257557.0,157710.0,22717.0,87656.0,24766.0,152710.0,171012.0,407645.0,344891.0,327,1452290,5840050,505,1897839,141941,4990986,178,904867,3259068,433,1383746,112998,2535501,66,503421,2275017,69,447813,28804,2331084,83,43705,304236,3,65534,86,123093,108,321556,2395496,317,826186,141354,3056155,195,346505,2697911,323,890537,141561,3179711,218,284759,3418193,186,868421,382,1918927,1.3368915113528825e-05,0.0758222476968825,0.1522842227391976,1.9310655163986085e-05,0.0774161194654176,0.0139921046158209,0.1388462844120826,5.129702243561432e-05,0.7186280086495891,0.5961249753912933,3.198636727162823e-05,0.6843139647131942,0.0140699414104819,0.3289535447034735,4.0007716339745535e-05,0.6428057609527065,0.5286074977629349,1.841939415641749e-05,0.6146063617022373,7.783679466099008e-05,0.1901072602913908
19,Madera,160089.0,2310.0,1271.0,893.0,652.0,3671.0,4070.0,4565.0,4516.0,3,16630,54987,1,26578,1154,63015,1,9924,29423,1,19347,652,29408,1,6265,22736,0,6242,502,31561,1,439,2799,0,977,0,2023,1,3826,20764,0,13015,1138,38653,2,4126,23550,0,13981,1139,40687,1,4001,33958,0,12189,5,23929,6.451071845587144e-06,0.0606529774922103,0.1129195615851573,0.0,0.0684007147787604,0.0073219665447414,0.1191254927006122,1.2902143691174288e-05,0.5385677330288428,0.4217581751207963,0.0,0.5119506105939502,0.0073606729758149,0.2698354331572191,6.451071845587144e-06,0.4779147555366324,0.3734719023565765,0.0,0.4521040170824382,3.8706431073522864e-05,0.1544064046241283
20,Marin,260800.0,1218.0,349.0,2816.0,563.0,3734.0,2514.0,2205.0,3392.0,2,50120,168805,9,35929,5178,205949,1,32194,117482,9,26133,3179,118382,0,17207,43161,0,7935,1997,84403,1,718,8155,0,1857,1,3158,1,7510,64280,5,10368,5158,120995,2,7918,72383,5,12174,5162,124181,1,3462,104013,4,12518,11,84577,7.68358977314201e-06,0.0662287020495975,0.1819512476228894,1.1525384659713018e-05,0.0532549607176472,0.0197967690505003,0.1951209204940548,2.6892564205997046e-05,0.8522061507136134,0.7750168078526287,1.920897443285503e-05,0.8217868188017442,0.0198582377686855,0.4969361685779596,1.920897443285503e-05,0.7859774486640159,0.7245855663766112,1.5367179546284023e-05,0.772677154766707,6.146871818513608e-05,0.3249889548397011
21,Mariposa,17795.0,74.0,186.0,19.0,47.0,44.0,529.0,123.0,119.0,3,1796,5327,0,1795,265,7402,3,417,1368,0,1059,185,926,0,1304,3729,0,633,80,6196,0,75,229,0,103,0,275,2,677,2421,0,894,263,4636,2,732,2651,0,993,265,4927,1,414,2843,0,753,5,2702,0.0001140250855188,0.1626567844925883,0.16932725199543902,0.0,0.1452679589509692,0.0148802736602052,0.1556442417331813,0.0001140250855188,0.5456100342075256,0.4472633979475484,0.0,0.5038768529076397,0.0152223489167616,0.2961231470923603,5.701254275940707e-05,0.3830102622576967,0.3164766248574686,0.0,0.3594070695553021,0.0003420752565564,0.1543899657924743
22,Mendocino,88439.0,711.0,389.0,78.0,448.0,846.0,2623.0,933.0,1162.0,0,13984,31636,1,16366,1458,59097,0,7723,19304,0,10675,899,29446,0,5954,10341,1,5108,559,28512,0,307,1991,0,583,0,1137,0,1847,13045,1,7405,1330,32754,0,2001,15025,1,8004,1335,33921,0,2168,18446,0,6783,7,26201,1.1438768273432316e-05,0.0776349202717851,0.1076044931481778,1.1438768273432316e-05,0.0875866486696712,0.0152021230353915,0.19341813273546699,1.1438768273432316e-05,0.6896090229004139,0.5751641463247238,1.1438768273432316e-05,0.666720047585276,0.0152821944133055,0.4032966530164032,0.0,0.6131751732973394,0.5107867584818466,0.0,0.5883759236805379,8.007137791402622e-05,0.2997872389101141
23,Merced,287420.0,3718.0,1817.0,1629.0,1428.0,7185.0,7801.0,7428.0,9611.0,2,24688,94997,5,52212,1736,104644,0,17068,54456,5,38704,1396,59522,2,7188,35278,0,12374,335,40893,0,430,5046,0,1107,2,3796,2,7444,38626,3,26453,1531,64107,2,7771,43673,3,27557,1537,67990,0,7175,53806,2,22855,20,38134,1.114930781380656e-05,0.0986379262287466,0.1158896218526433,1.114930781380656e-05,0.1005816222242869,0.0056489826256619,0.1230623432128588,1.85821796896776e-05,0.5520133791693765,0.4207191303539905,1.114930781380656e-05,0.5231329554956796,0.0057307442162965,0.2584112236365325,7.4328718758710406e-06,0.4533754529406299,0.3417708817244262,7.4328718758710406e-06,0.4267100250859426,8.176159063458145e-05,0.1418043296478676
24,Modoc,9475.0,104.0,40.0,1.0,60.0,28.0,56.0,138.0,85.0,0,987,1430,0,1070,137,3960,0,221,278,0,431,122,310,0,701,1014,0,550,15,3427,0,65,130,0,89,0,220,0,111,511,0,450,136,2074,0,151,637,0,539,137,2296,0,183,906,0,527,1,1881,0.0,0.0335645558290445,0.052025061535019006,0.0,0.036697247706422007,0.0152159319758335,0.1253076750950995,0.0,0.4206757663906914,0.343477287983889,0.0,0.4037816066234057,0.015327813828597001,0.2722085477735511,0.0,0.3913627209666592,0.3119266055045872,0.0,0.37088834191094205,0.0001118818527634,0.2105616469008726
25,Mono,13961.0,413.0,119.0,17.0,28.0,120.0,285.0,326.0,319.0,0,2024,4987,0,1684,391,10348,0,1509,1832,0,1121,275,6585,0,484,2914,0,512,116,3643,0,29,220,0,46,0,87,0,334,1410,0,681,390,6140,0,355,1634,0,726,391,6228,0,218,3543,0,605,1,4152,0.0,0.0575701989558346,0.174333286298857,0.0,0.0534076478058416,0.0275151686185974,0.2109496260759136,0.0,0.6585297022717652,0.5822632989981656,0.0,0.6334838436574008,0.027585720333003997,0.4669817976576831,0.0,0.6010300550303372,0.542965994073656,0.0,0.5856497812896854,7.05517144066601e-05,0.2930012699308593
26,Monterey,448732.0,6562.0,541.0,1982.0,767.0,7933.0,3554.0,13287.0,12339.0,3,57042,259319,1,81218,5552,198690,0,32712,128716,0,54842,3448,82815,3,23228,117206,1,23870,2103,108235,0,1027,13234,0,2449,0,7260,3,11670,101248,1,36837,5542,127826,3,12343,114426,1,39235,5544,135146,0,11481,156779,0,37533,3,70187,9.233354570048843e-06,0.0709006214047625,0.171553419572865,2.3083386425122108e-06,0.0762305753303232,0.0127997377727302,0.1627471076516809,9.233354570048843e-06,0.7079628449812101,0.5889033544777152,2.3083386425122108e-06,0.6794710211166819,0.0128066627886577,0.32476939696961304,0.0,0.6370622235764476,0.523921313352354,0.0,0.6105601876217649,6.925015927536631e-06,0.1620222893179321
27,Napa,139652.0,1864.0,309.0,401.0,595.0,1291.0,2248.0,2734.0,3059.0,3,22465,78268,2,22110,3608,96546,1,13572,44703,2,16488,3011,44306,1,8474,30014,0,4785,597,50728,1,418,3547,0,837,0,1506,2,3309,30935,1,8582,3651,57145,3,3498,34469,1,9366,3653,58667,1,2378,47046,1,9147,3,39250,1.4231836618515618e-05,0.0841884295168291,0.1639222941720629,7.115918309257809e-06,0.08523446950828999,0.0259873336654095,0.1701344908560449,2.8463673237031236e-05,0.7803102540382837,0.6887710809079912,7.115918309257809e-06,0.7554187717924998,0.0260229132569558,0.4434924927061837,1.4231836618515618e-05,0.6961218245214545,0.6141108660072583,7.115918309257809e-06,0.6792001707820394,3.557959154628905e-05,0.2793353732299153
28,Nevada,98710.0,1103.0,432.0,117.0,626.0,400.0,3270.0,1248.0,1420.0,0,13848,45237,2,14262,1088,55866,0,8185,25482,2,9318,867,27815,0,5398,18263,0,4103,221,26915,0,265,1461,0,826,0,1135,0,2070,17805,1,5898,1084,33676,0,2256,19261,1,6718,1086,34820,0,2055,27182,1,6155,2,22060,0.0,0.0674827433092479,0.1529386832438542,1.0091632018730071e-05,0.0742239534977596,0.0109393291083033,0.1404654260687038,1.0091632018730071e-05,0.6472974609453841,0.5567351552093005,1.0091632018730071e-05,0.624530739111129,0.0109696040043595,0.3623602308965405,1.0091632018730071e-05,0.5798147176361361,0.4969624187623622,1.0091632018730071e-05,0.5590764138376458,3.027489605619021e-05,0.2226516772292415
29,Orange,3228519.0,31897.0,5462.0,19567.0,5534.0,31802.0,37859.0,88715.0,73984.0,121,444207,1906609,123,571130,44254,1630212,59,268488,1130783,102,423281,37885,833818,21,165257,699000,21,129367,6323,761143,41,10436,76625,0,18385,41,34468,46,77415,751902,82,235894,44041,1021987,87,83287,828068,82,254031,44122,1057182,75,69121,1145751,41,257639,162,602604,1.7382059565473794e-05,0.0605104257593273,0.1631072422509198,1.5169797438958948e-05,0.0654889636563257,0.0139097561391854,0.1575734265601662,5.34103284830013e-05,0.7164123302641884,0.6098072108367977,2.5915070624888206e-05,0.6900905194454681,0.0139976145493527,0.3481067144683839,3.6660343810817454e-05,0.655901904504861,0.5526335084391479,1.29575353124441e-05,0.6340570801553135,8.78584101673039e-05,0.1905332879082176
30,Placer,400434.0,4667.0,1746.0,820.0,2273.0,2727.0,10087.0,7062.0,6034.0,9,59014,184264,20,68779,6889,218086,7,36961,112141,16,50269,5778,113672,2,20876,65310,4,15340,1110,101088,0,1176,6807,0,3170,1,3322,3,9012,74705,12,27474,6869,127016,4,9798,81487,12,30602,6873,130375,6,8385,109192,8,30434,11,90606,7.893137443202299e-06,0.0539601186075453,0.1260797154260847,2.104836651520613e-05,0.061192863551333,0.0180594984700468,0.1293711537399,4.209673303041226e-05,0.6818381538477729,0.5755439029459821,3.1572549772809195e-05,0.6560591669582743,0.0181252746154068,0.3611478726679067,3.683464140161073e-05,0.6278780352402277,0.5257434677710043,2.104836651520613e-05,0.6058167160864772,6.577614536001915e-05,0.2384543132049558
31,Plumas,18997.0,197.0,320.0,8.0,51.0,39.0,577.0,243.0,179.0,0,2263,6666,0,2125,273,9614,0,543,891,0,1265,228,660,0,1598,5184,0,634,45,8505,0,119,572,0,225,0,432,0,319,1839,0,943,273,5978,0,363,2396,0,1164,273,6408,0,338,4733,0,1033,0,3598,0.0,0.0485052676613722,0.1552489437937857,0.0,0.0518744317877961,0.0145997112145034,0.1793144018396705,0.0,0.5670891491523611,0.4854270281833253,0.0,0.5476763463286807,0.0145997112145034,0.3572918337879031,0.0,0.5188512754692765,0.4455318466228139,0.0,0.5007754425370341,0.0,0.1924167067757634
32,Riverside,2468145.0,40606.0,8218.0,19588.0,6248.0,35825.0,51159.0,100370.0,85098.0,25,270783,1074530,56,484925,22462,1009080,13,172750,650931,18,368177,18255,509036,8,90562,385141,38,103566,4202,476016,4,7411,38063,0,13024,2,23670,12,56414,455123,34,219522,22371,611549,16,60850,493226,35,232449,22392,636026,13,62394,614838,22,223225,71,394611,6.713420042747703e-06,0.0631980383386635,0.1335978980281846,7.972186300762898e-06,0.0747833033886826,0.0093723539684284,0.1106673726946745,2.13990263862583e-05,0.6063032300781358,0.4832382685082697,1.4685606343510599e-05,0.5807712544780611,0.0094168303762116,0.2762861863830023,1.4685606343510599e-05,0.543440443152857,0.4235979232035097,9.23095255877809e-06,0.5172606225186571,4.4476407783203525e-05,0.1656188136883278
33,Sacramento,1567975.0,18357.0,5924.0,3420.0,9575.0,18593.0,38259.0,28163.0,29059.0,61,210284,803615,166,292234,20840,715492,45,134805,469023,110,210584,16770,365746,15,70753,306273,56,70653,4058,335664,1,4717,28230,0,10955,11,14033,24,39350,333715,103,125608,20690,434222,25,42352,361757,103,136413,20719,448316,37,37721,467083,63,136147,67,279417,2.5827421171730496e-05,0.0590388358323018,0.126508006831684,4.3707943521390067e-05,0.0661340919972742,0.0136951556367022,0.1282682449207727,8.47669207687565e-05,0.6686553780968899,0.5502697641029309,6.821088155610875e-05,0.6406081231875276,0.0138057499786427,0.3106992410049383,6.622415685059101e-05,0.6096165422645881,0.4944739252316024,4.172121881587234e-05,0.5846361280589766,0.0001105943419404,0.1851521466891564
34,San Benito,64022.0,713.0,264.0,246.0,248.0,1056.0,895.0,1913.0,1880.0,0,8233,37205,0,12252,749,26482,0,4482,24681,0,8796,618,9822,0,3586,10629,0,2984,130,15573,0,162,1848,0,469,0,1042,0,1699,15751,0,5595,749,16270,0,1808,17583,0,6055,749,17256,0,1833,21036,0,5906,0,10107,0.0,0.0769489699744176,0.1550424128180961,0.0,0.0882422243166823,0.0126060320452403,0.1429917867241147,0.0,0.7313013329742829,0.5989632422243166,0.0,0.7008718190386428,0.0126060320452403,0.3030328531035411,0.0,0.6544028544499798,0.5241517436380773,0.0,0.6235525784300525,0.0,0.1701056954355729
35,San Bernardino,2217398.0,51941.0,7622.0,16846.0,5783.0,36158.0,44365.0,108261.0,72175.0,20,224349,938498,19,421309,26715,769954,6,151759,572289,6,321950,19484,409287,10,66137,328378,13,87862,7225,343668,4,6442,37754,0,11455,2,16920,9,52122,405230,13,196897,26672,463475,13,56448,442795,13,208192,26685,480483,11,59417,530191,6,200728,31,304826,4.6829348702101185e-06,0.0570409564800813,0.1153533297774247,3.7463478961680947e-06,0.0675513355027809,0.0124861092444412,0.0947451382940911,1.2175630662546308e-05,0.5688028498468446,0.44487366144160395,6.087815331273154e-06,0.5423686190914825,0.0125085873318182,0.23751564685613502,7.9609892793572e-06,0.5128797099202824,0.3910555007392012,2.8097609221260708e-06,0.4850551158019549,2.247808737700857e-05,0.1427705085620439
36,San Diego,3370418.0,41281.0,10531.0,12863.0,12113.0,31169.0,69251.0,86171.0,93936.0,244,432564,2048980,494,622185,54000,1765572,82,270076,1183369,174,455003,39470,828179,99,150048,750209,320,140044,14405,909829,63,12436,115388,0,27124,124,27554,64,131134,866266,282,275179,53170,1027345,126,145584,1009891,285,313478,53334,1082254,176,78354,1164618,201,288801,705,719150,2.4524400719019088e-05,0.1068618970441436,0.1665960707065722,5.298481636825114e-05,0.0899131139842674,0.0159447964822926,0.1258819322684495,0.0001244386258705,0.7887023049606202,0.6497119291226653,8.628955808543756e-05,0.7446237820683032,0.016272394032638002,0.3439468480543824,0.0001141444329761,0.6818404079164766,0.5706767493239895,6.085684622867701e-05,0.6581171376209454,0.0003275975503454,0.2180649157859328
37,San Francisco,892280.0,5160.0,1293.0,2133.0,1885.0,7376.0,11936.0,8361.0,10219.0,19,158265,630999,36,116186,13606,581518,11,112026,412888,27,89714,9902,358782,6,43930,181458,9,20824,3694,209010,2,2304,36522,0,5601,9,13646,7,23339,245869,22,40097,13557,348382,9,24746,282289,23,45365,13584,362090,12,12289,383141,13,46416,43,232149,1.1493671584425615e-05,0.0621152493437113,0.1917144420282192,1.8389874535080986e-05,0.051855998087453,0.0155716262625798,0.1769393272064401,3.677974907016197e-05,0.8368611242649797,0.7562778434194133,2.6435444644178915e-05,0.80841888456216,0.0156497832293539,0.4318241376298211,2.873417896106404e-05,0.7747458749212683,0.7072722758848978,1.4941773059753302e-05,0.7606213019111677,7.815696677409419e-05,0.2669025934320563
38,San Joaquin,782545.0,8156.0,3135.0,4996.0,4334.0,14885.0,19693.0,20464.0,20367.0,4,78188,362867,15,149114,8602,302810,3,49872,214798,10,108997,7323,151948,1,27022,131023,5,36855,1279,145225,0,1294,17031,0,3258,0,5616,4,19981,157095,7,72054,8030,181547,4,20976,174045,8,75379,8043,187224,0,19207,201701,8,68001,91,114769,5.4628987233205685e-06,0.0845410891927474,0.119375262902001,5.4628987233205685e-06,0.08951369275565,0.0108657055606846,0.1117135474425439,1.6388696169961705e-05,0.6359893036442997,0.5043949020229114,1.0925797446641137e-05,0.6073418627392067,0.0110009123040867,0.2666973499478293,1.0925797446641137e-05,0.5514482144515522,0.4323460964857172,1.0925797446641137e-05,0.5252167405068477,0.0001352067434021,0.1568780626375967
39,San Luis Obispo,278862.0,3042.0,899.0,592.0,983.0,2922.0,6363.0,5461.0,8054.0,6,39918,140696,0,42965,5934,145328,2,22043,75484,0,28006,3705,69197,4,16967,58922,0,12923,2228,71512,0,903,6258,0,2028,0,4531,5,5320,55454,0,16686,5921,86989,5,5793,61671,0,18675,5925,91550,1,5195,84498,0,18278,10,57945,1.421186335293386e-05,0.0628590716100264,0.1561919312145813,0.0,0.06703735943578899,0.0210300047965038,0.1404274217903394,1.7764829191167326e-05,0.6523920342505907,0.5654580661206943,0.0,0.6318097031497042,0.0210690874207244,0.3463431099109982,3.552965838233465e-06,0.5895329626405642,0.5061341955197101,0.0,0.5710753051109414,3.908262422056812e-05,0.2059156881206587
40,San Mateo,778001.0,5417.0,1052.0,2182.0,2012.0,6696.0,8141.0,11643.0,13265.0,17,144704,549070,36,109239,12962,479298,5,93695,361620,31,86264,10295,263419,2,48036,158346,5,18278,2646,207941,10,2965,28908,0,4639,19,7802,4,21599,228740,21,39449,12874,280526,14,23283,257672,21,44011,12909,288405,13,13477,318053,14,46173,53,197516,1.0444750533661474e-05,0.0666061741531592,0.18253637710771803,2.0889501067322948e-05,0.0594201857860001,0.0167951588581276,0.1448308276812001,4.569578358476895e-05,0.8177129913112732,0.7298543610097462,2.741747015086137e-05,0.7873148504768681,0.0168996063634642,0.3934393910710438,3.525103305110747e-05,0.7511068171581139,0.6732281459915006,1.827831343390757e-05,0.7335113292903445,0.0001044475053366,0.2579801158061715
41,Santa Barbara,456373.0,2914.0,1216.0,3193.0,1203.0,5465.0,7353.0,7101.0,13687.0,3,58395,261279,5,73814,5413,213064,0,37466,167272,4,53592,4241,104222,1,19409,81362,1,17291,1170,100481,2,1507,12544,0,2903,0,8183,0,10460,105912,4,31539,5398,132025,3,11429,118419,4,34407,5401,140218,4,11253,154462,1,32802,12,80418,6.760746206094588e-06,0.0697010398027665,0.1948785093906764,9.014328274792785e-06,0.0768088376474406,0.0121490609323519,0.146913268640504,1.577507448088737e-05,0.6983422650302656,0.5950470773294151,9.014328274792785e-06,0.6725860755671139,0.0121873718275198,0.3281801423362435,1.1267910343490981e-05,0.6286412252274991,0.5293596671910001,2.253582068698196e-06,0.6032816662084383,3.831089516786933e-05,0.1812668736957393
42,Santa Clara,1967585.0,17521.0,3329.0,3221.0,5212.0,16579.0,20675.0,36603.0,37164.0,56,332557,1617332,125,278515,29440,995755,33,214504,1148874,118,213174,25068,516768,2,111235,396505,7,54517,4342,454066,21,6800,71709,0,10742,27,24791,21,59817,698437,71,104754,29263,587723,42,62904,770175,72,115352,29337,612592,35,31360,912398,55,126255,123,405458,1.2485693476225161e-05,0.0597180314223285,0.2332057018000208,2.0809489127041933e-05,0.0494464675892206,0.0152106960774112,0.1229695140984288,5.9307044012069495e-05,0.8274237852460722,0.7346883779003226,3.745708042867548e-05,0.7946987826448859,0.0153215066070127,0.3340146706898346,4.682135053584435e-05,0.7677057538237436,0.6857085631047758,2.861304754968265e-05,0.7513911143481428,0.0001108105296014,0.2110451565914056
43,Santa Cruz,273999.0,2715.0,527.0,341.0,495.0,2032.0,3044.0,5050.0,5478.0,2,33724,167591,5,39168,4420,162708,0,17767,94628,4,27837,3044,60958,1,15424,66755,1,9803,1373,99157,1,532,6194,0,1523,3,2576,1,4969,68850,3,15515,4401,96432,2,5291,75015,3,16991,4410,99028,1,4305,97945,2,17659,15,65907,7.3055357697295124e-06,0.05444815809179401,0.1634211824009643,1.095830365459427e-05,0.0581630230307015,0.0160612203897503,0.1370445455043559,1.826383942432378e-05,0.7332566252077511,0.6518656511971946,1.095830365459427e-05,0.7139298303289318,0.0161269702116779,0.3778532683140649,1.095830365459427e-05,0.6788084671159571,0.5985790732927876,7.3055357697295124e-06,0.6630833013716143,6.574982192756561e-05,0.24080872280970897
44,Shasta,177925.0,4629.0,1488.0,177.0,1277.0,1125.0,6327.0,2659.0,2668.0,57,20259,46986,300,26720,1714,71016,32,9490,21939,110,16345,1585,29021,25,9943,21857,190,8636,129,39195,0,823,3174,0,1732,0,2778,18,3501,18356,165,12260,1710,41821,18,3998,21496,165,13961,1713,44603,39,5188,28451,135,12395,4,29088,0.0001675182176061,0.065644805539269,0.1073959293073121,0.0007929195633358,0.0742384901024653,0.0095932099282463,0.0962280481335678,0.0010218611273976,0.4799620292040092,0.3796800402043722,0.0009213501968339,0.4576374347376944,0.0105871513527096,0.2596476533489684,0.0009716056621157,0.4204707261914733,0.3222882988525002,0.0007538319792277,0.3915012424267806,0.0009939414244632,0.1634196052154005
45,Sierra,3115.0,13.0,39.0,1.0,8.0,5.0,71.0,15.0,19.0,0,322,648,0,313,85,1955,0,83,79,0,213,31,68,0,233,535,0,77,54,1883,0,6,33,0,20,0,4,0,45,156,0,152,85,1104,0,51,190,0,172,85,1108,0,59,479,0,143,0,847,0.0,0.0300341296928327,0.1044368600682593,0.0,0.0361774744027303,0.0290102389078498,0.1597269624573379,0.0,0.548122866894198,0.4720136518771331,0.0,0.5307167235494881,0.0290102389078498,0.4071672354948805,0.0,0.5215017064846417,0.4525597269624573,0.0,0.5013651877133106,0.0,0.2890784982935153
46,Siskiyou,43956.0,567.0,129.0,29.0,397.0,128.0,1118.0,328.0,495.0,4,4721,12420,9,5819,581,19880,2,2001,6420,6,3396,456,6318,1,2606,5490,3,2193,124,13106,1,114,490,0,230,0,442,1,766,4579,5,2681,580,11898,2,834,5067,5,2911,580,12344,3,929,7757,4,2543,0,7939,4.593477262287552e-05,0.0610932475884244,0.1051906293063849,9.186954524575104e-05,0.0678456591639871,0.0133210840606339,0.119728984841525,0.00016077170418000002,0.4993798805695912,0.4133670188332567,0.0001148369315571,0.4802250803858521,0.0134818557648139,0.2969912723932016,0.00016077170418000002,0.44039963252181896,0.3606568672485071,9.186954524575104e-05,0.4190629306384933,0.00016077170418000002,0.1824988516306844
47,Solano,444255.0,4935.0,926.0,1558.0,2637.0,4563.0,9590.0,9514.0,9900.0,2,60253,220881,5,79880,8176,229908,1,38641,127015,5,59549,5415,112831,1,20443,84663,0,17701,2760,114111,0,1168,9194,0,2620,1,2940,1,10900,92498,3,34998,8154,141304,1,11666,101646,3,37589,8162,144256,1,11494,127660,2,36183,16,88151,2.2803457004081816e-06,0.0907942444074521,0.1502474175084943,4.560691400816363e-06,0.1006727019816204,0.0185779764212254,0.1535174332428796,9.121382801632726e-06,0.6916812988849109,0.5793628714113059,6.841037101224546e-06,0.6650787859439491,0.0186213029895332,0.3475748523476159,6.841037101224546e-06,0.6008870544774588,0.4921670125190979,4.560691400816363e-06,0.5746767609969672,4.3326568307755454e-05,0.2010580804049894
48,Sonoma,496668.0,5347.0,1186.0,1237.0,2012.0,6447.0,7702.0,7193.0,8532.0,3,77349,284678,6,83370,9179,323642,3,48117,172380,3,64205,6534,155390,0,27723,100890,3,15731,2645,160619,0,1501,11390,0,3430,0,7610,2,11841,113253,4,32522,9101,190342,2,12624,124516,4,35893,9109,197966,1,9482,170122,2,36655,26,132475,5.984237518376596e-06,0.0625372768128748,0.1605251766846127,3.989491678917732e-06,0.0660340662694462,0.0181242606973232,0.1489376981031961,1.1968475036753192e-05,0.7582308200200671,0.6614517361270413,7.978983357835461e-06,0.7330491485427384,0.0181821083266675,0.4130739631809813,5.984237518376596e-06,0.6956935432071922,0.6036619544120786,3.989491678917732e-06,0.6767793631574432,5.784762934430709e-05,0.2643118027116575
49,Stanislaus,562303.0,6925.0,3213.0,3748.0,4072.0,12451.0,16293.0,13213.0,16039.0,5,55207,225524,13,110403,5129,220624,4,34987,137395,11,79620,4437,108850,1,19201,79472,2,27945,691,104476,0,1016,8553,0,2810,0,7179,4,14218,93076,10,54378,5031,134254,4,15104,101584,10,57152,5039,141427,1,16125,129875,3,49515,41,81361,1.8542520781530167e-05,0.0820821767435995,0.1200646763124859,1.4834016625224134e-05,0.0890244965242044,0.0092860944073903,0.1218317785429658,2.595952909414224e-05,0.5939540256739743,0.4599731875149499,1.8542520781530167e-05,0.5659474022855511,0.0093695357509071,0.2716108444078539,7.417008312612067e-06,0.5134813397342115,0.3917682333242475,5.56275623445905e-06,0.4835815249739941,8.344134351688574e-05,0.1509472446741244
50,Sutter,105747.0,2268.0,441.0,212.0,528.0,1468.0,3328.0,2821.0,2337.0,2,10602,36676,1,20215,996,42453,1,5266,16177,0,12730,681,14504,1,5074,17755,1,6707,315,26958,0,262,2740,0,775,0,991,1,2219,14475,1,9573,990,25347,1,2403,17197,1,10344,990,26335,1,2978,21939,0,9665,3,16941,1.0430574098798398e-05,0.0657334779706275,0.1047125333778371,1.0430574098798398e-05,0.0793558077436582,0.0103054072096128,0.1155498998664886,2.0861148197596795e-05,0.5973694092122831,0.4644108811748998,1.0430574098798398e-05,0.5723047396528705,0.010347129506008001,0.2850362983978638,1.0430574098798398e-05,0.537456191588785,0.4055824432576769,0.0,0.5063939419225634,4.172229639519359e-05,0.1767460781041388
51,Tehama,65885.0,1269.0,652.0,102.0,344.0,543.0,2361.0,1353.0,1499.0,3,6027,17593,24,9176,409,20489,3,2160,8914,6,4873,345,4360,0,3628,7709,18,3846,64,15649,0,235,967,0,456,0,475,2,1316,6436,13,4557,406,12660,2,1475,7400,13,5011,406,13133,1,1613,11107,11,4273,1,7786,6.311836270967131e-05,0.0438199233111893,0.0987486784592807,0.0001735754974515,0.0482224291101888,0.0064380729963864,0.0908115443485396,0.0002366938601612,0.4329919681883452,0.3306455430546132,0.0002051346788064,0.4097170719391539,0.0066432076751929,0.2138765720417212,0.000189355088129,0.3912076120745428,0.2983289413472614,0.0001735754974515,0.3657551323118678,0.0002051346788064,0.1230650276931816
52,Trinity,13354.0,193.0,48.0,5.0,15.0,26.0,260.0,100.0,48.0,0,1676,3859,2,1553,104,5053,0,426,954,0,920,97,413,0,1176,2557,2,452,6,4456,0,73,346,0,181,0,183,0,263,1459,1,707,103,2985,0,298,1803,1,887,103,3166,0,284,2388,1,778,0,2064,0.0,0.0577670657751516,0.1017726636603949,7.774840615767377e-05,0.0577670657751516,0.0080080858342403,0.13535997512050998,7.774840615767377e-05,0.4865495257347224,0.39441766443787896,7.774840615767377e-05,0.4633805006997356,0.008085834240398,0.2542372881355932,7.774840615767377e-05,0.4287824599595708,0.3462136526201212,7.774840615767377e-05,0.4067019126107914,7.774840615767377e-05,0.1605504587155963
53,Tulare,484423.0,6325.0,3459.0,4271.0,1148.0,10995.0,12571.0,13182.0,12631.0,4,53524,151223,1,89484,3847,184239,1,35275,94458,1,65164,3554,96620,3,17314,50388,0,22330,292,83809,0,924,6364,0,1976,0,3791,3,13450,56241,1,44705,3846,116240,3,14088,62559,1,46634,3852,120013,1,15320,94326,0,40323,8,67606,6.5149833759340866e-06,0.0664984353181592,0.1191612176069597,2.1716611253113615e-06,0.0744923199204303,0.0083543803490728,0.1328035927961657,8.686644501245446e-06,0.5367260471207029,0.4048584402695466,2.1716611253113615e-06,0.5061316851873167,0.0083739252992006,0.2690014919311931,2.1716611253113615e-06,0.4725187142897473,0.3516809742940472,0.0,0.4392488658499773,1.9544950127802262e-05,0.1468368669879277
54,Tuolumne,52351.0,992.0,538.0,48.0,161.0,182.0,2158.0,1796.0,948.0,2,6063,16268,1,7808,952,29190,1,2127,4266,0,3800,798,7121,1,3821,11382,1,3592,154,21813,0,115,619,0,416,0,254,2,1188,5421,1,3737,930,17013,2,1286,6046,1,4159,938,17304,0,956,10489,0,3209,16,11709,5.562560261069495e-05,0.0622450493213676,0.1130683082400059,1.8541867536898318e-05,0.0598346065415708,0.0171512274716309,0.138952755321516,5.562560261069495e-05,0.5513609730772083,0.450400504338797,1.8541867536898318e-05,0.5275161314247571,0.0174478973522213,0.3382963732107097,0.0,0.4891159237558407,0.4118890454646592,0.0,0.4713898983905659,0.0002966698805903,0.2174033968701327
55,Ventura,852747.0,8969.0,1886.0,3636.0,2010.0,9063.0,12343.0,23073.0,33938.0,14,113240,488602,21,146787,13230,444327,8,66808,274049,17,109538,11317,206388,4,43235,190542,4,31662,1903,228800,2,3167,23895,0,5548,2,8926,7,18624,196018,11,61805,13190,269751,9,20619,219793,12,67275,13200,278801,7,19418,290811,9,66529,30,173429,7.074537325258928e-06,0.0583366347840851,0.1475913558586601,1.2969985096308036e-05,0.065045654347539,0.0155345048767143,0.1482209896806082,2.476088063840625e-05,0.7071106174656178,0.6034757201878997,1.4149074650517856e-05,0.6827989699473654,0.015588742996207999,0.3443200897994604,1.8865432867357145e-05,0.6487739826815326,0.5474347727658612,1.0611805987888393e-05,0.6258784217178863,5.423811949365178e-05,0.2045425604165487
56,Yolo,223612.0,2572.0,737.0,570.0,866.0,2138.0,4161.0,3711.0,4163.0,13,31589,118292,50,32111,3907,122296,13,20175,59866,30,22998,2810,54894,0,10944,53360,20,7913,1096,65366,0,470,5053,0,1195,0,2030,3,6676,48366,29,13511,3900,72850,3,6972,53405,30,14684,3903,74893,9,4393,69630,21,14258,3,49233,4.651660410183415e-05,0.0760220860836275,0.1507928755169157,8.838154779348487e-05,0.0697330412090595,0.0181554305809458,0.1438619015057424,0.000153504793536,0.7158440205231257,0.6151076626801937,0.0001395498123055,0.6834126441433269,0.0183089353744819,0.3666857384743484,0.0001395498123055,0.6398219344394982,0.5530638161291673,9.768486861385173e-05,0.6193871902575624,0.000153504793536,0.2291687017680961
57,Yuba,79290.0,1197.0,438.0,86.0,500.0,1006.0,2979.0,1784.0,1622.0,0,7030,25384,2,15180,511,22534,0,3381,10127,0,8855,344,6671,0,3379,12913,2,5432,167,15200,0,266,2336,0,889,0,657,0,1718,10030,1,7334,510,13742,0,1923,12353,1,8215,511,14398,0,2365,15258,1,7303,1,8729,0.0,0.054720305193859,0.0822460360563231,1.3246261242764227e-05,0.066350522565006,0.0067555932338097,0.0844051766388936,1.3246261242764227e-05,0.4954234167406249,0.3611328202614812,1.3246261242764227e-05,0.4699508563707893,0.0067820857562952,0.1975017551296146,1.3246261242764227e-05,0.4458294146477157,0.3177645609526711,1.3246261242764227e-05,0.4145020068085783,2.6492522485528448e-05,0.1156531069105745
